,Year_of_Release,NA_Sales,EU_Sales,JP_Sales,Other_Sales,Global_Sales,Critic_Score,Critic_Count,User_Count
count,16450.0,16719.0,16719.0,16719.0,16719.0,16719.0,8137.0,8137.0,7590.0
mean,2006.4873556231003,0.26333034272384714,0.14502482205873557,0.07760212931395419,0.04733177821640051,0.5335426759973684,68.96767850559173,26.360820941378886,162.22990777338603
std,5.87899476834851,0.8135138347516405,0.503283296094286,0.3088180805146343,0.18670989698950866,1.5479351247177218,13.938164552843201,18.98049453458247,561.282326247378
min,1980.0,0.0,0.0,0.0,0.0,0.01,13.0,3.0,4.0
25%,2003.0,0.0,0.0,0.0,0.0,0.06,60.0,12.0,10.0
50%,2007.0,0.08,0.02,0.0,0.01,0.17,71.0,21.0,24.0
75%,2010.0,0.24,0.11,0.04,0.03,0.47,79.0,36.0,81.0
max,2020.0,41.36,28.96,10.22,10.57,82.53,98.0,113.0,10665.0
